{
    "core": {
        "k": 1.9541081340000003e-12,
        "phi": 0.22
    },
    "relPerm": {
        "swc": 0.135,
        "sgr": 0.2,
        "sor": 0.0,
        "nw": 2.46,
        "ng": 1.3,
        "no": 2.0,
        "krw0": 0.713,
        "krg0": 0.94,
        "kro0": 0.5
    },
    "fluids": {
        "muw": 0.0007,
        "mug": 2.07e-05,
        "muo": 0.005,
        "sigma_wg": 0.03
    },
    "Foam_Quality_Scan_01": {
        "fg": [
            0.9644444444444444,
            0.9554985754985754,
            0.9465527065527066,
            0.9376068376068376,
            0.9286609686609686,
            0.9197150997150997,
            0.9107692307692309,
            0.9018233618233619,
            0.8928774928774929,
            0.8839316239316238,
            0.8749857549857549,
            0.8660398860398861,
            0.8570940170940171,
            0.8481481481481481,
            0.8392022792022792,
            0.8302564102564102,
            0.8213105413105413,
            0.8123646723646724,
            0.8034188034188035,
            0.7944729344729344,
            0.7855270655270655,
            0.7765811965811965,
            0.7676353276353276,
            0.7586894586894587,
            0.7497435897435898,
            0.7407977207977208,
            0.7318518518518518,
            0.7229059829059828,
            0.7139601139601139,
            0.705014245014245,
            0.696068376068376,
            0.6871225071225071,
            0.6781766381766382,
            0.6692307692307692,
            0.6602849002849003,
            0.6513390313390314,
            0.6423931623931625,
            0.6334472934472934,
            0.6245014245014244,
            0.6155555555555555
        ],
        "muApp": [
            1.3211618257261408,
            1.3908713692946058,
            1.4804979253112034,
            1.5601659751037344,
            1.6431535269709543,
            1.7261410788381744,
            1.8091286307053942,
            1.8887966804979253,
            1.9717842323651453,
            2.0547717842323654,
            2.048132780082988,
            1.8489626556016598,
            1.6398340248962655,
            1.4340248962655604,
            1.2348547717842324,
            1.0290456431535269,
            0.8265560165975105,
            0.6141078838174274,
            0.41493775933609967
        ],
        "velocities": {
            "ug": [
                1.53105652e-05,
                1.5168549441025639e-05,
                1.5026533682051283e-05,
                1.4884517923076922e-05,
                1.4742502164102563e-05,
                1.4600486405128203e-05,
                1.4458470646153846e-05,
                1.4316454887179487e-05,
                1.4174439128205127e-05,
                1.4032423369230768e-05,
                1.3890407610256409e-05,
                1.3748391851282052e-05,
                1.360637609230769e-05,
                1.3464360333333331e-05,
                1.3322344574358974e-05,
                1.3180328815384615e-05,
                1.3038313056410255e-05,
                1.2896297297435896e-05,
                1.2754281538461537e-05,
                1.2612265779487178e-05,
                1.247025002051282e-05,
                1.2328234261538461e-05,
                1.21862185025641e-05,
                1.2044202743589743e-05,
                1.1902186984615385e-05,
                1.1760171225641024e-05,
                1.1618155466666665e-05,
                1.1476139707692307e-05,
                1.1334123948717948e-05,
                1.1192108189743589e-05,
                1.105009243076923e-05,
                1.090807667179487e-05,
                1.0766060912820513e-05,
                1.0624045153846154e-05,
                1.0482029394871793e-05,
                1.0340013635897435e-05,
                1.0197997876923078e-05,
                1.0055982117948717e-05,
                9.913966358974358e-06,
                9.7719506e-06
            ],
            "uw": [
                5.644447999999999e-07,
                7.06460558974359e-07,
                8.48476317948718e-07,
                9.90492076923077e-07,
                1.1325078358974358e-06,
                1.2745235948717948e-06,
                1.4165393538461538e-06,
                1.558555112820513e-06,
                1.700570871794872e-06,
                1.8425866307692308e-06,
                1.9846023897435896e-06,
                2.126618148717949e-06,
                2.2686339076923076e-06,
                2.410649666666667e-06,
                2.552665425641026e-06,
                2.694681184615385e-06,
                2.8366969435897436e-06,
                2.978712702564103e-06,
                3.1207284615384616e-06,
                3.2627442205128204e-06,
                3.4047599794871797e-06,
                3.546775738461539e-06,
                3.6887914974358977e-06,
                3.830807256410257e-06,
                3.972823015384615e-06,
                4.1148387743589745e-06,
                4.256854533333334e-06,
                4.398870292307692e-06,
                4.540886051282051e-06,
                4.6829018102564105e-06,
                4.824917569230769e-06,
                4.966933328205128e-06,
                5.108949087179487e-06,
                5.250964846153846e-06,
                5.392980605128205e-06,
                5.534996364102564e-06,
                5.6770121230769225e-06,
                5.819027882051282e-06,
                5.961043641025641e-06,
                6.103059399999999e-06
            ],
            "uo": [
                0.0,
                0.0,
                0.0,
                0.0,
                0.0,
                0.0,
                0.0,
                0.0,
                0.0,
                0.0,
                0.0,
                0.0,
                0.0,
                0.0,
                0.0,
                0.0,
                0.0,
                0.0,
                0.0,
                0.0,
                0.0,
                0.0,
                0.0,
                0.0,
                0.0,
                0.0,
                0.0,
                0.0,
                0.0,
                0.0,
                0.0,
                0.0,
                0.0,
                0.0,
                0.0,
                0.0,
                0.0,
                0.0,
                0.0,
                0.0
            ],
            "ut": [
                1.587501e-05,
                1.5875009999999997e-05,
                1.587501e-05,
                1.587501e-05,
                1.5875009999999997e-05,
                1.5875009999999997e-05,
                1.587501e-05,
                1.587501e-05,
                1.587501e-05,
                1.587501e-05,
                1.587501e-05,
                1.587501e-05,
                1.5875009999999997e-05,
                1.5875009999999997e-05,
                1.587501e-05,
                1.587501e-05,
                1.587501e-05,
                1.587501e-05,
                1.587501e-05,
                1.5875009999999997e-05,
                1.587501e-05,
                1.587501e-05,
                1.5875009999999997e-05,
                1.587501e-05,
                1.587501e-05,
                1.587501e-05,
                1.587501e-05,
                1.587501e-05,
                1.587501e-05,
                1.587501e-05,
                1.587501e-05,
                1.587501e-05,
                1.587501e-05,
                1.587501e-05,
                1.5875009999999997e-05,
                1.587501e-05,
                1.587501e-05,
                1.587501e-05,
                1.587501e-05,
                1.587501e-05
            ]
        },