{
    "core": {
        "k": 1.9541081340000003e-12,
        "phi": 0.22
    },
    "relPerm": {
        "swc": 0.135,
        "sgr": 0.2,
        "sor": 0.1,
        "nw": 2.46,
        "ng": 1.3,
        "no": 2.0,
        "krw0": 0.713,
        "krg0": 0.94,
        "kro0": 0.5
    },
    "fluids": {
        "muw": 0.0007,
        "mug": 2.07e-05,
        "muo": 0.005,
        "sigma_wg": 0.03
    },
    "Foam_Quality_Scan_01": {
        "fg": [
            0.31351869606903165,
            0.34036433365292423,
            0.36625119846596355,
            0.3969319271332694,
            0.42569511025886864,
            0.45349952061361454,
            0.48226270373921376,
            0.5129434324065196,
            0.5417066155321189,
            0.5752636625119847,
            0.6049856184084371,
            0.6337488015340363,
            0.7996164908916586,
            0.8341323106423777,
            0.9031639501438159,
            0.9079578139980824,
            0.9137104506232022,
            0.9204218600191754,
            0.9252157238734419,
            0.9338446788111218,
            0.9367209971236816,
            0.9482262703739214,
            0.9511025886864811
        ],
        "muApp": [
            0.6133682830930537,
            0.6408912188728701,
            0.6566186107470511,
            0.673656618610747,
            0.6998689384010484,
            0.7169069462647444,
            0.7444298820445608,
            0.7614678899082568,
            0.7771952817824377,
            0.7994757536041939,
            0.8217562254259501,
            0.8492791612057666,
            0.8768020969855831,
            0.8217562254259501,
            0.783748361730013,
            0.7391874180865006,
            0.6959370904325033,
            0.6513761467889907,
            0.618610747051114,
            0.5792922673656618,
            0.5360419397116645,
            0.49803407601572736,
            0.45347313237221487
        ],
        "velocities": {
            "ug": [
                3.3180749568552257e-06,
                3.6021914669223394e-06,
                3.8761609587727705e-06,
                4.200865541706615e-06,
                4.505276088207095e-06,
                4.799539616490891e-06,
                5.103950162991371e-06,
                5.428654745925216e-06,
                5.733065292425695e-06,
                6.0882109300095885e-06,
                6.402768494726749e-06,
                6.707179041227228e-06,
                8.462613192713328e-06,
                8.827905848513902e-06,
                9.558491160115054e-06,
                9.609226251198465e-06,
                9.670108360498562e-06,
                9.74113748801534e-06,
                9.791872579098752e-06,
                9.883195743048898e-06,
                9.913636797698944e-06,
                1.0035401016299136e-05,
                1.0065842070949183e-05
            ],
            "uw": [
                5.81221203451582e-06,
                5.584918826462129e-06,
                5.365743232981784e-06,
                5.1059795666347086e-06,
                4.862451129434324e-06,
                4.627040306807288e-06,
                4.3835118696069036e-06,
                4.123748203259828e-06,
                3.880219766059444e-06,
                3.5961032559923294e-06,
                3.3444572042186007e-06,
                3.100928767018218e-06,
                1.6965814458293381e-06,
                1.4043473211888785e-06,
                8.198790719079575e-07,
                7.792909990412284e-07,
                7.305853116011508e-07,
                6.737620095877289e-07,
                6.331739367209985e-07,
                5.601154055608822e-07,
                5.357625618408448e-07,
                4.383511869606911e-07,
                4.1399834324065365e-07
            ],
            "uo": [
                1.453053008628955e-06,
                1.3962297066155323e-06,
                1.341435808245446e-06,
                1.2764948916586771e-06,
                1.215612782358581e-06,
                1.156760076701822e-06,
                1.0958779674017259e-06,
                1.030937050814957e-06,
                9.70054941514861e-07,
                8.990258139980824e-07,
                8.361143010546502e-07,
                7.752321917545545e-07,
                4.2414536145733453e-07,
                3.510868302972196e-07,
                2.0496976797698936e-07,
                1.948227497603071e-07,
                1.826463279002877e-07,
                1.6844050239693222e-07,
                1.5829348418024963e-07,
                1.4002885139022054e-07,
                1.339406404602112e-07,
                1.0958779674017277e-07,
                1.0349958581016341e-07
            ],
            "ut": [
                1.058334e-05,
                1.058334e-05,
                1.0583340000000002e-05,
                1.0583340000000002e-05,
                1.058334e-05,
                1.058334e-05,
                1.058334e-05,
                1.058334e-05,
                1.058334e-05,
                1.058334e-05,
                1.058334e-05,
                1.058334e-05,
                1.058334e-05,
                1.0583340000000002e-05,
                1.058334e-05,
                1.058334e-05,
                1.058334e-05,
                1.058334e-05,
                1.058334e-05,
                1.058334e-05,
                1.058334e-05,
                1.058334e-05,
                1.058334e-05
            ]
        },
        "gradP": [
            -3321968.2023953125,
            -3471030.8781438195,
            -3556209.55000011,
            -3648486.444511091,
            -3790450.897604907,
            -3882727.7921158886,
            -4031790.467864396,
            -4124067.3623753767,
            -4209246.034231667,
            -4329915.819361411,
            -4450585.604491155,
            -4599648.280239663,
            -4748710.955988171,
            -4450585.604491155,
            -4244737.147505121,
            -4003397.577245632,
            -3769156.2296408354,
            -3527816.6593813463,
            -3350361.093014076,
            -3137414.41337335,
            -2903173.065768553,
            -2697324.6087825187,
            -2455985.03852303
        ],
        "phase_saturations": {
            "Sw": [
                0.1673421243670544,
                0.16625740953346738,
                0.1654540119523371,
                0.1645344680853204,
                0.16350867139768108,
                0.16266755590659493,
                0.1616537678907043,
                0.16076414211881426,
                0.15992544363269848,
                0.15889192956820275,
                0.15793722601481505,
                0.1569485498374535,
                0.1519549784670245,
                0.1511189626674172,
                0.14820470408053393,
                0.14824670918287486,
                0.1482237274033456,
                0.14814380243337322,
                0.14808744849500277,
                0.14778852178790716,
                0.14796192884502574,
                0.14731102011743394,
                0.1474935650408043
            ],